,web-scraper-order,brand,name_details_raw,ps,km,reg_year,price,gear_type,ps_cat,fuel_type_benzin,fuel_type_diesel,fuel_type_elektro,address,lat,lon
1,1704381746-3,VW,Golf 2.0 TSI GTI Performance DSG,245.0,196000.0,2017.0,17900,Automat,0 - 249,1,0,0,"Bernstrasse 137, 3400 Burgdorf",47.05232238769531,7.6118483543396
4,1704381753-6,HONDA,Stream 2.0i ES (Sport),155.0,172000.0,2004.0,2200,Automat,0 - 249,1,0,0,"Chemin Grenet 4a, 1214 Vernier",46.21772766113281,6.071710586547852
5,1704381755-7,FIAT,500C 0.9 Twinair Turbo Lounge,105.0,70500.0,2016.0,7500,Manuell,0 - 249,1,0,0,"Gummertliweg 8, 4702 Oensingen",47.29175567626953,7.734115123748779
6,1704381758-8,NISSAN,Qashqai +2 2.0 dCi 4WD tekna Automatic,150.0,299780.0,2009.0,4999,Automat,0 - 249,0,1,0,"Bodackerstrasse 14, 8953 Dietikon",47.412235260009766,8.38632869720459
7,1704381760-9,SMART,fortwo passion,71.0,66000.0,2017.0,10900,Automat,0 - 249,1,0,0,"Schichtstrasse 1, 4528 Zuchwil",47.21026992797852,7.557407855987549
8,1704381763-10,BMW,X3 xDrive 35i Steptronic,306.0,208000.0,2011.0,8800,Automat,250 - 599,1,0,0,"Bruggmatte 11, 6260 Reiden",47.23873519897461,7.963281154632568
9,1704381769-11,FORD,EcoSport 1.0 SCTi Titanium,125.0,142000.0,2014.0,5200,Manuell,0 - 249,1,0,0,"Bruggmatte 11, 6260 Reiden",47.23873519897461,7.963281154632568
11,1704381774-13,PEUGEOT,308 1.2 THP Allure,131.0,122000.0,2014.0,5500,Manuell,0 - 249,1,0,0,"au tombex 43, 3280 Murten",46.91608810424805,7.107640266418457
13,1704381779-15,VW,Golf 1.2 TSI Allstar DSG,110.0,117900.0,2016.0,16300,Automat,0 - 249,1,0,0,"Luzernerstrasse 28, 6042 Dietwil",47.151004791259766,8.394994735717773
14,1704381781-16,AUDI,RS4 Avant 4.2 FSI V8 quattro S-tronic,450.0,93000.0,2013.0,20500,Automat,250 - 599,1,0,0,"Bernstrasse 26a, 6152 Hüswil",47.12789916992188,7.9063615798950195
15,1704381784-17,SKODA,Octavia 1.9 TDI Ambiente 4x4,101.0,401000.0,2002.0,1600,Manuell,0 - 249,0,1,0,"Choindez 5, 2830 Courrendlin",47.31721115112305,7.381652355194092
16,1704381786-18,FORD,Focus 2.0 TDCi Titanium PowerShift,163.0,289000.0,2011.0,2000,Automat,0 - 249,0,1,0,"industriestrasse 100, 3178 Bösingen",46.90134048461914,7.224895000457764
17,1704381789-19,VW,Golf 1.8 Trend 4Motion,125.0,181000.0,1999.0,800,Manuell,0 - 249,1,0,0,"industriestrasse 100, 3178 Bösingen",46.90134048461914,7.224895000457764
18,1704381791-20,FORD,Fiesta 1.25 16V Colourline,82.0,281000.0,2011.0,2500,Manuell,0 - 249,1,0,0,"Bruggmatte 11, 6260 Reiden",47.23873519897461,7.963281154632568
19,1704381797-21,MERCEDES-BENZ,AMG E 53 T 4Matic+ Speedshift 9G-TCT,435.0,17500.0,2022.0,94500,Automat,250 - 599,1,0,0,"Teslastrasse 3, 9015 St. Gallen",47.41003036499024,9.314270973205566
20,1704381799-22,MERCEDES-BENZ,B 250 Urban,180.0,35000.0,2016.0,19500,Automat,0 - 249,0,0,1,"Nettenbergweg 29, 4146 Hochwald",47.44786834716797,7.645279884338379
24,1704381810-26,MERCEDES-BENZ,SLK-Klasse R170 Cabriolet SLK,193.0,135500.0,2002.0,8500,Automat,0 - 249,1,0,0,"Hauptstrasse 7, 4416 Bubendorf",47.45639419555664,7.740914821624756
26,1704381815-28,VW,T5 2.0 TDI 4Motion,140.0,202000.0,2014.0,13700,Manuell,0 - 249,0,1,0,"4, chemin des Mésanges, 1032 Romanel-sur-Lausanne",46.568885803222656,6.6036763191223145
27,1704381818-29,HYUNDAI,i30 Fastback N 2.0 T-GDi,275.0,92000.0,2019.0,22998,Manuell,250 - 599,1,0,0,"Eggiwilstrasse 2a, 3535 Schüpbach BE",46.92686080932617,7.734965324401855
30,1704381837-35,MITSUBISHI,Space Star 1.2 CVT Intense+,71.0,1000.0,2023.0,19900,Automat,0 - 249,1,0,0,"Bahnhofstrasse 175, 9244 Niederuzwil",47.44595336914063,9.149778366088867
35,1704381850-40,NISSAN,Leaf Tekna(incl.battery),150.0,51000.0,2018.0,15900,Automat,0 - 249,0,0,1,"Zugerstrasse 47, 6340 Baar",47.18706893920898,8.521618843078613
38,1704381863-44,AUDI,Q3 40 TDI S line quattro S-tronic,200.0,611.0,2022.0,49550,Automat,0 - 249,0,1,0,"Grabenhofstrasse 10, 6010 Kriens",47.02386093139648,8.296092987060547
39,1704381865-45,SKODA,Octavia Combi 2.0 TSI Style DSG 4x4,190.0,5600.0,2023.0,42990,Automat,0 - 249,1,0,0,"Zürcherstrasse 242, 8406 Winterthur",47.48533248901367,8.701879501342773
41,1704381870-47,AUDI,A4 Avant 2.0 TFSI Sport S-tronic,190.0,69100.0,2018.0,26999,Automat,0 - 249,1,0,0,"Zugerstrasse 2, 6340 Sihlbrugg",47.21701431274414,8.576250076293945
42,1704381873-48,VW,e-Up,82.0,68500.0,2021.0,16999,Automat,0 - 249,0,0,1,"Zugerstrasse 2, 6340 Sihlbrugg",47.21701431274414,8.576250076293945
47,1704381894-55,OPEL,Mokka X 1.4i 16V Turbo 120 Years Edition 2WD,140.0,39805.0,2019.0,17250,Automat,0 - 249,1,0,0,"Hauptstrasse 39, 5502 Hunzenschwil",47.38707733154297,8.117234230041504
48,1704381896-56,PEUGEOT,107 1.0 Trendy,68.0,81500.0,2007.0,4400,Manuell,0 - 249,1,0,0,"Dorfstrasse 172, 3534 Signau",46.91260147094727,7.7143096923828125
50,1704381901-58,PEUGEOT,Partner 1.6 Outdoor,120.0,111000.0,2011.0,5900,Manuell,0 - 249,1,0,0,"Dorfstrasse 172, 3534 Signau",46.91260147094727,7.7143096923828125
52,1704381914-62,CITROEN,C1 1.0i X,68.0,182000.0,2008.0,3900,Manuell,0 - 249,1,0,0,"Unterdorfstrasse 4, 8556 Illhart",47.61701965332031,9.039016723632812
54,1704381921-65,NISSAN,370 Z Roadster Pack Automatic,328.0,114000.0,2011.0,16900,Automat,250 - 599,1,0,0,"Tannacker 14, 5037 Muhen",47.33326721191406,8.057826042175293
55,1704381924-66,MERCEDES-BENZ,E 220 Business ABS,150.0,299869.0,1995.0,6499,Automat,0 - 249,1,0,0,"Rainacherstr. 31, 6012 Obernau",47.03292465209961,8.2517728805542
56,1704381929-68,RENAULT,Clio 1.2 16V T Swiss Edition,118.0,105000.0,2016.0,10800,Manuell,0 - 249,1,0,0,"Mooswiesstrasse 32a, 9200 Gossau SG",47.41294860839844,9.258915901184082
57,1704381932-69,RENAULT,Clio 1.3 R.S.Line,140.0,15500.0,2022.0,24900,Manuell,0 - 249,1,0,0,"Rte de Sécheron 2, 1964 Conthey",46.21441650390625,7.293246269226074
58,1704381934-70,RENAULT,Koleos 2.0 dCi Intens 4x4,177.0,39058.0,2018.0,26900,Automat,0 - 249,0,1,0,"Bodenmattstrasse  7, 4153 Reinach",47.49420547485352,7.594645977020264
59,1704381939-71,FORD,Kuga 2.0 TDCi Freetech 4WD,150.0,86000.0,2015.0,12000,Manuell,0 - 249,0,1,0,"Eggiwilstrasse 2a, 3535 Schüpbach BE",46.92686080932617,7.734965324401855
60,1704381942-72,PEUGEOT,108 1.0 VTi Access,69.0,60390.0,2016.0,6375,Manuell,0 - 249,1,0,0,"Rue des Voituriers 2, 1217 Meyrin",46.22447967529297,6.080033302307129
65,1704381955-77,FORD,Grand Tourneo Connect 1.6 TDCi Titanium,115.0,218000.0,2014.0,7700,Manuell,0 - 249,0,1,0,"Eggiwilstrasse 2a, 3535 Schüpbach BE",46.92686080932617,7.734965324401855
69,1704381970-82,BMW,X5 3.0d,184.0,230000.0,2003.0,4300,Manuell,0 - 249,0,1,0,"4, chemin des Mésanges, 1032 Romanel-sur-Lausanne",46.568885803222656,6.6036763191223145
71,1704381978-85,RENAULT,Trafic 2.0 Blue dCi 150 Advance L2H1 EN,150.0,4000.0,2022.0,36300,Manuell,0 - 249,0,1,0,"Müntschemiergasse 56, 3232 Ins",47.00428009033203,7.115030765533447
73,1704381983-87,SEAT,Ateca 2.0 TSI FR 4Drive DSG,190.0,96000.0,2019.0,25500,Automat,0 - 249,1,0,0,"Gewerbestrasse 16, 8737 Gommiswald",47.23493194580078,9.017587661743164
76,1704381996-91,SSANG,Korando eMotion Titanium,190.0,50.0,2023.0,41850,Automat,0 - 249,0,0,1,"Schwantelen 376, 9107 Urnäsch",47.30062484741211,9.274094581604004
78,1704382008-96,PEUGEOT,Traveller 2.0 BlueHDi Allure Standard EAT,180.0,60850.0,2018.0,35967,Automat,0 - 249,0,1,0,"Route Suisse 39, 1196 Gland",46.41658020019531,6.280033588409424
79,1704382011-97,SUZUKI,Vitara 1.4 Boosterjet Compact +  Hybrid,129.0,9700.0,2022.0,25300,Manuell,0 - 249,1,0,0,"Zilstrasse 79, 9016 St. Gallen",47.44285202026367,9.412972450256348
80,1704382013-98,SUZUKI,Vitara 1.4 Boosterjet Compact +  Hybrid,129.0,1000.0,2022.0,25900,Manuell,0 - 249,1,0,0,"Zilstrasse 79, 9016 St. Gallen",47.44285202026367,9.412972450256348
81,1704382016-99,TOYOTA,Aygo X 1.0 VVT-i Comfort,72.0,2000.0,2022.0,19900,Automat,0 - 249,1,0,0,"Bahnhofstrasse 175, 9244 Niederuzwil",47.44595336914063,9.149778366088867
82,1704382035-105,VW,Caddy Maxi 2.0 TDI 4Motion,110.0,249400.0,2011.0,8950,Manuell,0 - 249,0,1,0,"Schwantelen 376, 9107 Urnäsch",47.30062484741211,9.274094581604004
84,1704382040-107,VW,e-Up,83.0,68500.0,2021.0,16999,Automat,0 - 249,0,0,1,"Zugerstrasse 2, 6340 Sihlbrugg",47.21701431274414,8.576250076293945
85,1704382042-108,VW,ID.4 75 Edition,204.0,50.0,2023.0,52310,Automat,0 - 249,0,0,1,"St Gallerstrasse 101, 8645 Rapperswil - Jona",47.230255126953125,8.847420692443848
87,1704382047-110,VW,T-Roc 2.0 TSI R 75 EditionDSG 4Motion,300.0,50.0,2023.0,66900,Automat,250 - 599,1,0,0,"St Gallerstrasse 101, 8645 Rapperswil - Jona",47.230255126953125,8.847420692443848
89,1704382055-112,VW,Tiguan 2.0TSI Highline 4Motion DSG,180.0,43800.0,2018.0,32500,Automat,0 - 249,1,0,0,"Apollostrasse 5, 9536 Schwarzenbach",47.44381713867188,9.076166152954102
91,1704382063-115,VW,e-Up,82.0,1100.0,2023.0,30500,Automat,0 - 249,0,0,1,"Birsfelderstrasse 50, 4132 Muttenz",47.53702926635742,7.633534908294678
92,1704382066-116,VW,T-Roc 2.0 TSI R 75 EditionDSG 4Motion,300.0,1100.0,2023.0,61800,Automat,250 - 599,1,0,0,"Schönaustrasse 25, 4058 Basel",47.56775665283203,7.599099159240723
93,1704382068-117,SKODA,Karoq 2.0 TDI CR Style 4x4 DSG,150.0,52200.0,2017.0,28900,Automat,0 - 249,0,1,0,"Via San Gottardo 52, 6877 Coldrerio",45.85777282714844,8.986268997192383
95,1704382073-119,BMW,M2 Drivelogic,370.0,58000.0,2018.0,43500,Automat,250 - 599,1,0,0,"Route de Nyon 8B, 1196 Gland",46.419525146484375,6.266847133636475
97,1704382081-121,MERCEDES-BENZ,GLC 43 AMG 4Matic 9G-Tronic,390.0,33000.0,2019.0,64800,Automat,250 - 599,1,0,0,"Buchbergstrasse 2, 8730 Uznach SG",47.22759246826172,8.96968936920166
103,1704382110-131,AUDI,Q5 45 TFSI sport quattro S-tronic,245.0,59500.0,2019.0,46970,Automat,0 - 249,1,0,0,"Unterseestrasse 81, 8280 Kreuzlingen",47.64966583251953,9.1561279296875
105,1704382117-134,VOLVO,XC40 T5 AWD R-Design Geartronic,248.0,49000.0,2019.0,37400,Automat,0 - 249,1,0,0,"Landstrasse 71, 8750 Glarus",47.04966354370117,9.05980396270752
109,1704382127-138,VW,T6 2.0 TDI DSG,140.0,418000.0,2016.0,16000,Automat,0 - 249,0,1,0,"Pilatusstrasse 5, 6052 Hergiswil",46.98707580566406,8.310431480407715
110,1704382132-140,LAND,Defender 110 D200 SD4 S AT8,200.0,41233.0,2021.0,62800,Automat,0 - 249,0,1,0,"Rengglochstrasse 19, 6012 Kriens-Obernau",47.03510284423828,8.242032051086426
113,1704382145-144,BMW,iX1 xDrive 30 xLine,272.0,900.0,2024.0,65800,"Direktantrieb, kein Getriebe",250 - 599,0,0,1,"Hallmattstrasse 33, 3172 Bern-Niederwangen",46.93063735961914,7.379867076873779
115,1704382153-147,FORD,Transit Connect Van T230 1.6 TDCi Trend,95.0,83000.0,2016.0,14900,Manuell,0 - 249,0,1,0,"Ettiswilerstrasse 1, 6242 Wauwil",47.18366622924805,8.027242660522461
118,1704382160-150,AUDI,Q3 2.0 TFSI quattro S-tronic,211.0,145000.0,2014.0,15750,Automat,0 - 249,1,0,0,"Via Somplaz 33, 7500 St.Moritz",46.49224090576172,9.833416938781738
120,1704382168-152,AUDI,SQ5 TDI quattro tiptronic,385.0,29000.0,2021.0,67900,Automat,250 - 599,0,1,0,"Emserstrasse 2, 7000 Chur",46.845970153808594,9.506684303283691
121,1704382171-153,CITROEN,Spacetourer 2.0 BlueHDi Feel M EAT,174.0,53000.0,2019.0,45900,Automat,0 - 249,0,1,0,"Bahnhofstrasse 186, 6423 Seewen",47.03028869628906,8.628253936767578
122,1704382173-154,SKODA,Karoq 2.0 TSI SportLine 4x4 DSG,190.0,12700.0,2023.0,41900,Automat,0 - 249,1,0,0,"Route du Bois-des-Frères 85, 1219 Le Lignon - Vernier",46.211647033691406,6.104222297668457
123,1704382176-155,VW,Golf 2.0 Comfortline,115.0,212700.0,2001.0,3900,Manuell,0 - 249,1,0,0,"Fin du Mossard 5, 3280 Murten",46.91664123535156,7.107607364654541
125,1704382181-157,LAND,Range Rover Sport 5.0 V8 S/C ABDynamic Automatic,525.0,58900.0,2019.0,70990,Automat,250 - 599,1,0,0,"Muttenzerstrasse 143, 4133 Pratteln BL",47.52081298828125,7.674278736114502
126,1704382183-158,VW,Golf 1800 GTI 16V FireIce,129.0,205000.0,1991.0,24000,Manuell,0 - 249,1,0,0,"Schönebueche 10, 8222 Beringen",47.70040130615234,8.578582763671875
127,1704382186-159,FORD,Transit Custom Van 340 L1H1 Ambiente,130.0,154200.0,2017.0,10900,Manuell,0 - 249,0,1,0,"Fin du Mossard 5, 3280 Murten",46.91664123535156,7.107607364654541
128,1704382188-160,CHRYSLER,Grand Voyager 2.8 CRD Classic Line Plus Automatic,163.0,218000.0,2009.0,2000,Automat,0 - 249,0,1,0,"Fruthwilerstrasse 18, 8272 Ermatingen",47.6678352355957,9.07994270324707
129,1704382193-161,OPEL,Zafira-e Life 75kWh Business Elegance M,136.0,5900.0,2022.0,55490,Automat,0 - 249,0,0,1,"Solenbergstrasse 15, 8207 Schaffhausen",47.71452713012695,8.665546417236328
130,1704382196-162,OPEL,Astra 1.2i Turbo Swiss Plus,130.0,24200.0,2022.0,33980,Automat,0 - 249,1,0,0,"Solenbergstrasse 15, 8207 Schaffhausen",47.71452713012695,8.665546417236328
131,1704382198-163,SKODA,Fabia 1.6 TDI Ambition Plus,105.0,175000.0,2013.0,5800,Manuell,0 - 249,0,1,0,"Karl-Bügler-Strasse 6, 8413 Neftenbach",47.5190544128418,8.659324645996094
134,1704382206-166,OPEL,Crossland 1.2i Edition Automat,130.0,16800.0,2021.0,26320,Automat,0 - 249,1,0,0,"Solenbergstrasse 15, 8207 Schaffhausen",47.71452713012695,8.665546417236328
135,1704382211-168,FORD,Fiesta 1.6 16V Sport,120.0,135000.0,2009.0,4900,Manuell,0 - 249,1,0,0,"Luzernstrasse 59, 6274 Eschenbach",47.12884521484375,8.325882911682129
136,1704382214-169,BMW,528i xDrive Touring Steptronic,245.0,154000.0,2012.0,12900,Automat,0 - 249,1,0,0,"Luzernstrasse 59, 6274 Eschenbach",47.12884521484375,8.325882911682129
137,1704382216-170,AUDI,S5 Cabrio 3.0 TFSI quattro S-tronic,333.0,118000.0,2012.0,16500,Automat,250 - 599,1,0,0,"Luzernstrasse 59, 6274 Eschenbach",47.12884521484375,8.325882911682129
138,1704382222-171,FIAT,500 0.9 Twinair Turbo Lounge,85.0,50000.0,2015.0,6800,Manuell,0 - 249,1,0,0,"Karl-Bügler-Strasse 6, 8413 Neftenbach",47.5190544128418,8.659324645996094
141,1704382229-174,OPEL,Astra 1.2i Turbo Swiss Premium A,130.0,21600.0,2022.0,33890,Automat,0 - 249,1,0,0,"Solenbergstrasse 15, 8207 Schaffhausen",47.71452713012695,8.665546417236328
143,1704382234-176,RENAULT,Clio 2.0 16V Sport,180.0,60000.0,2004.0,11500,Manuell,0 - 249,1,0,0,"Route de chavalon, 70, 1844 Villeneuve VD",46.38970565795898,6.933414936065674
150,1704382264-184,VW,Golf 1.6 FSI Comfortline,115.0,185000.0,2004.0,4500,Manuell,0 - 249,1,0,0,"Herferswil 60, 8932 Mettmenstetten",47.25375747680664,8.489367485046387
151,1704382267-185,BMW,X5 xDrive 30d Steptronic,258.0,155000.0,2014.0,23900,Automat,250 - 599,0,1,0,"Hintergasse 1, 4914 Roggwil",47.24150848388672,7.820557117462158
154,1704382274-188,SEAT,Leon ST 2.0 TSI Cupra 300 4 Drive DSG,300.0,104000.0,2017.0,24900,Automat,250 - 599,1,0,0,"Bahnhofstrasse 57, 7302 Landquart",46.96859359741211,9.56213665008545
156,1704382279-190,NISSAN,Micra IG-T100 Xtronic n-way,100.0,37600.0,2019.0,14800,Automat,0 - 249,1,0,0,"Lochfeldweg, 15, 4242 Laufen",47.4244499206543,7.506217956542969
157,1704382284-191,SEAT,Alhambra 2.0 TDI Style 4x4,140.0,117600.0,2014.0,19900,Manuell,0 - 249,0,1,0,"Emserstrasse 2, 7000 Chur",46.845970153808594,9.506684303283691
161,1704382304-199,LAND,Range Rover 5.0 V8 S/C AB Automatic,525.0,29899.0,2021.0,115900,Automat,250 - 599,1,0,0,"Gewerbestrasse 6, 5702 Niederlenz",47.39886093139648,8.178794860839844
163,1704382320-204,BMW,120d xDrive Steptronic M Sport,190.0,429.0,2022.0,42900,Automat,0 - 249,0,1,0,"Gewerbestrasse 6, 5702 Niederlenz",47.39886093139648,8.178794860839844
164,1704382325-206,VW,Tiguan 2.0TSI Elegance 4Motion DSG,190.0,34200.0,2021.0,39900,Automat,0 - 249,1,0,0,"Hauptstrasse 99, 4450 Sissach",47.46461868286133,7.809111595153809
165,1704382330-208,MINI,Cooper S Cabriolet DKG,178.0,4000.0,2023.0,42900,Automat,0 - 249,1,0,0,"Chemin de la Longivue 1, 1726 Farvagny-le-Grand",46.72317886352539,7.083887100219727
166,1704382335-210,MINI,Cooper S Cabriolet DKG,192.0,19900.0,2019.0,33900,Automat,0 - 249,1,0,0,"Industriestrasse 1, 8307 Effretikon",47.418922424316406,8.684661865234375
169,1704382348-214,RENAULT,Espace 1.6 dCi Intens EDC,160.0,72800.0,2018.0,22500,Automat,0 - 249,0,1,0,"Austr. 37, 8134 Adliswil",47.31675720214844,8.52295970916748
170,1704382350-215,VW,Golf 2.0 TSI R DSG 4Motion,301.0,16500.0,2022.0,36400,Automat,250 - 599,1,0,0,"Frauenfelderstrasse 33, 8404 Winterthur",47.50594329833984,8.757323265075684
172,1704382355-217,BMW,X1 xDrive 20d xLine Steptronic,190.0,68900.0,2021.0,31900,Automat,0 - 249,0,1,0,"Industriestrasse 6, 8157 Dielsdorf",47.48363876342773,8.463322639465332
178,1704382381-226,BMW,X3 xDrive M40i Steptronic,360.0,72200.0,2019.0,44900,Automat,250 - 599,1,0,0,"Industriestrasse 6, 8157 Dielsdorf",47.48363876342773,8.463322639465332
180,1704382386-228,VW,Touran 1.5 TSI EVO Highline DSG,150.0,6900.0,2022.0,35900,Automat,0 - 249,1,0,0,"Frauenfelderstrasse 33, 8404 Winterthur",47.50594329833984,8.757323265075684
181,1704382388-229,BMW,320d xDrive Steptronic,190.0,43300.0,2019.0,35000,Automat,0 - 249,0,1,0,"Route du Simplon 16, 1895 Vionnaz",46.30835723876953,6.905149459838867
182,1704382391-230,MERCEDES-BENZ,ML 250 BlueTEC 4Matic 7G-Tronic,204.0,98800.0,2013.0,28980,Automat,0 - 249,0,1,0,"Route de Corbaroche 20, 1723  Marly",46.77054977416992,7.163113594055176
184,1704382406-235,JAGUAR,XF Sportbrake 25d Prestige AWD Automatic,241.0,130600.0,2018.0,26900,Automat,0 - 249,0,1,0,"Rhynerstrasse 56, 8712 Stäfa",47.24648284912109,8.73927116394043
185,1704382408-236,LAND,Range Rover Evoque 2.0 Si4 SE Dynamic AT9,241.0,105000.0,2018.0,25900,Automat,0 - 249,1,0,0,"Rhynerstrasse 56, 8712 Stäfa",47.24648284912109,8.73927116394043
186,1704382411-237,LAND,Discovery 3.0 TD6 HSE Automatic,258.0,90000.0,2017.0,42900,Automat,250 - 599,0,1,0,"Rhynerstrasse 56, 8712 Stäfa",47.24648284912109,8.73927116394043
187,1704382413-238,AUDI,Q4 Sportback e-tron 50 quattro,299.0,1000.0,2023.0,65800,Automat,250 - 599,0,0,1,"Luzernstrasse 76, 4950 Huttwil",47.114723205566406,7.865595817565918
188,1704382416-239,PEUGEOT,208 1.2 PureTech GT EAT8,130.0,101.0,2023.0,30500,Automat,0 - 249,1,0,0,"Hauptstrasse 7, 4416 Bubendorf",47.45639419555664,7.740914821624756
189,1704382418-240,FORD,Transit Custom Van 310 L1H1 Trend,105.0,67000.0,2017.0,19950,Manuell,0 - 249,0,1,0,"Sternmattweg 1, 6010 Kriens",47.02766799926758,8.297231674194336
191,1704382426-242,RENAULT,Talisman Grandtour 1.6 TCe Initiale EDC,200.0,75900.0,2016.0,17900,Automat,0 - 249,1,0,0,"Klosterrütistrasse 7, 5432 Neuenhof",47.454833984375,8.309598922729492
194,1704382434-245,SEAT,Leon ST 2.0 TDI X-Perience 4Drive DSG,184.0,189900.0,2015.0,10900,Automat,0 - 249,0,1,0,"Hintere Wässeristrasse 6, 8340 Hinwil",47.30467224121094,8.827372550964355
195,1704382436-246,AUDI,e-tron 50 Sportback S Line Attraction quattro,313.0,79000.0,2022.0,39850,Automat,250 - 599,0,0,1,"Dorfstrasse 146, 4612 Wangen bei Olten",47.34405517578125,7.874294757843018
196,1704382441-248,MERCEDES-BENZ,GLC 43 AMG 4Matic 9G-Tronic,367.0,25000.0,2019.0,55000,Automat,250 - 599,1,0,0,"Solothurnstrasse 4, 4573 Lohn-Ammannsegg",47.16495132446289,7.526492595672607
197,1704382444-249,SEAT,Altea 1.4 TSI Style Viva,125.0,167000.0,2013.0,5900,Manuell,0 - 249,1,0,0,"Solothurnstrasse 4, 4573 Lohn-Ammannsegg",47.16495132446289,7.526492595672607
198,1704382446-250,FIAT,500 1.2 Pop,69.0,125700.0,2014.0,6300,Manuell,0 - 249,1,0,0,"Solothurnstrasse 4, 4573 Lohn-Ammannsegg",47.16495132446289,7.526492595672607
201,1704382459-254,RENAULT,Mégane Grandtour 1.2 16V Turbo Bose EDC,131.0,90600.0,2014.0,11900,Automat,0 - 249,1,0,0,"Wässeristrasse 12, 8340 Hinwil",47.30478286743164,8.825931549072266
207,1704382479-261,VW,ID.3 Pro Performance 58 kWh Pro,204.0,49800.0,2021.0,29900,Automat,0 - 249,0,0,1,"Hauptstrasse 99, 4450 Sissach",47.46461868286133,7.809111595153809
208,1704382482-262,LAND,Discovery 3.0 i6 360 R-Dynamic HSE AWD Automatic,361.0,2750.0,2022.0,95900,Automat,250 - 599,1,0,0,"Rhynerstrasse 56, 8712 Stäfa",47.24648284912109,8.73927116394043
210,1704382489-265,SUZUKI,Vitara 1.4 Boosterjet Piz Sulai Top,140.0,64000.0,2017.0,19900,Manuell,0 - 249,1,0,0,"route du Simplon 19, 1902 Evionnaz",46.16787338256836,7.025582313537598
211,1704382497-268,OPEL,Corsa 1.2 TP Edition,75.0,350.0,2023.0,18900,Manuell,0 - 249,1,0,0,"Schaffhauserstrasse 70, 8451 Kleinandelfingen",47.604488372802734,8.688237190246582
212,1704382499-269,MERCEDES-BENZ,A 180 Edition 7G-DCT,136.0,21000.0,2019.0,27200,Automat,0 - 249,1,0,0,"Hauptstrasse 2A, 5502 Hunzenschwil",47.38727951049805,8.13478946685791
215,1704382510-272,LAND,Defender 110 525 V8 5.0 AT8,525.0,5600.0,2023.0,126900,Automat,250 - 599,1,0,0,"Rhynerstrasse 56, 8712 Stäfa",47.24648284912109,8.73927116394043
216,1704382517-275,TOYOTA,Aygo 1.0 VVT-i Trend MultiMode,69.0,122000.0,2017.0,7300,Manuell,0 - 249,1,0,0,"Grabs, 9472 Grabs",47.1756477355957,9.450772285461426
217,1704382520-276,CHEVROLET,Corvette 5.7 LT1 Convert.,306.0,110000.0,1992.0,14500,Automat,250 - 599,1,0,0,"Bachstrasse 10, 8362 Balterswil TG",47.43853378295898,8.944615364074707
218,1704382522-277,MERCEDES-BENZ,GLA 250 AMG Line 4Matic 7G-DCT,211.0,123500.0,2018.0,21900,Automat,0 - 249,1,0,0,"Chemin de la Rosière, 17, 1012 Lausanne",46.52104568481445,6.656445503234863
219,1704382525-278,BMW,X3 xDrive 35d Steptronic,313.0,232000.0,2013.0,16500,Automat,250 - 599,0,1,0,"Veilchenweg 19a, 3930 Visp",46.30112457275391,7.866949558258057
222,1704382536-281,VOLVO,C30 T5 Momentum,230.0,285000.0,2009.0,3700,Manuell,0 - 249,1,0,0,"Münstergasse 15, 8200 Schaffhausen",47.69580078125,8.634696960449219
223,1704382539-282,PEUGEOT,208 1.2 PureTech Style,82.0,71400.0,2017.0,10000,Manuell,0 - 249,1,0,0,"2 Chemin du Chêne, 1053 Bretigny sur morrens",46.59816360473633,6.642411231994629
224,1704382541-283,JEEP,Grand Cherokee 6.4 V8 HEMI SRT8 Automatic,468.0,76000.0,2021.0,57000,Automat,250 - 599,1,0,0,"Rietenbergstrasse 6, 5607 Hägglingen",47.39029693603516,8.247021675109863
226,1704382546-285,MERCEDES-BENZ,GLE 350 d 4Matic 9G-Tronic,258.0,70000.0,2018.0,44800,Automat,250 - 599,0,1,0,"Schulstrasse 31, 8248 Uhwiesen",47.6725959777832,8.62949275970459
230,1704382556-289,VW,T-Roc 2.0 TSI Advance DSG 4Motion,190.0,76000.0,2018.0,23900,Automat,0 - 249,1,0,0,"Schäracher 1, 6232 Geuensee",47.19301986694336,8.112191200256348
231,1704382558-290,LAND,Range Rover Sport 3.0 SDV6 HSE Automatic,306.0,72500.0,2017.0,42500,Automat,250 - 599,0,1,0,"Rhynerstrasse 56, 8712 Stäfa",47.24648284912109,8.73927116394043
232,1704382564-291,MERCEDES-BENZ,GLB 220 d 4Matic 8G-Tronic,190.0,900.0,2023.0,63900,Automat,0 - 249,0,1,0,"Mülligerstrasse, 5210 Windisch",47.47771835327149,8.22193717956543
234,1704382578-296,ALFA,Stelvio 2.0 Sprint Q4 Q4 Automatic,200.0,11900.0,2022.0,46900,Automat,0 - 249,1,0,0,"Av Grand Champsec, 1950 Sion",46.229530334472656,7.382593631744385
235,1704382580-297,ALFA,Stelvio 2.2 JTDM Super Q4 Automatic,210.0,61000.0,2018.0,28900,Automat,0 - 249,0,1,0,"Av Grand Champsec, 1950 Sion",46.229530334472656,7.382593631744385
236,1704382582-298,JEEP,Cherokee 2.8 CRD Extreme Sport,163.0,250000.0,2006.0,2800,Automat,0 - 249,0,1,0,"Route de Sullens 9, 1303 Penthaz VD",46.597469329833984,6.542710781097412
238,1704382593-301,VW,Golf 2.0 TFSI GTI,200.0,192000.0,2005.0,7400,Manuell,0 - 249,1,0,0,"Herferswil 60, 8932 Mettmenstetten",47.25375747680664,8.489367485046387
239,1704382595-302,PEUGEOT,208 1.2 PureTech GT Pack EAT8,100.0,11600.0,2022.0,24900,Automat,0 - 249,1,0,0,"Route de Chandolan 6, 1752 Villars-sur-Glâne 1",46.8013916015625,7.119614124298096
240,1704382597-303,MINI,Clubman Cooper S Steptronic,192.0,142000.0,2017.0,12900,Automat,0 - 249,1,0,0,"Giessereistrasse 3, 8620 Wetzikon",47.32635498046875,8.784595489501953
242,1704382602-305,RENAULT,Clio Grandtour 1.2 16V Turbo Dynamique,101.0,190000.0,2008.0,2900,Manuell,0 - 249,1,0,0,"Klausmattstrasse 1, 6038 Gisikon LU",47.12247085571289,8.396854400634766
244,1704382608-307,TOYOTA,Proace City Van 1.2 Active Medium,110.0,21995.0,2022.0,20700,Manuell,0 - 249,1,0,0,"Cholholz 38, 3178 Bösingen",46.88836669921875,7.220738410949707
246,1704382613-309,VW,Touran 1.4 TSI Trendline,140.0,134800.0,2007.0,3300,Manuell,0 - 249,1,0,0,"64 Route de Montfleury, 1214 Vernier",46.21688461303711,6.070308208465576
247,1704382615-310,NISSAN,Juke 1.0 DIG-T tekna DCT,117.0,57300.0,2021.0,22700,Automat,0 - 249,1,0,0,"Zürcherstrasse 232, 8953 Dietikon",47.39705657958984,8.424476623535156
249,1704382623-312,SUBARU,2.5 Turbo 4WD WRX STI Sport,301.0,33000.0,2011.0,38500,Manuell,250 - 599,1,0,0,"Bernstrasse 5, 3365 Seeberg",47.157039642333984,7.662407875061035
250,1704382626-313,CITROEN,Jumpy 2.0 HDi L2H1 Attraction,128.0,64500.0,2013.0,14900,Manuell,0 - 249,0,1,0,"Hauptstrasse 75, 8362 Balterswil",47.45747756958008,8.944939613342285
251,1704382631-315,CITROEN,C5 Aircross 1.6i PureTech Shine EAT8,181.0,90000.0,2019.0,21900,Automat,0 - 249,1,0,0,"Via San Gottardo 120, 6500 Bellinzona",46.20896911621094,9.038769721984863
252,1704382634-316,CITROEN,C4 1.2 Pure Tech Shine EAT8,131.0,43200.0,2021.0,29900,Automat,0 - 249,1,0,0,"Vorhard 20, 5312 Döttingen",47.55602264404297,8.249497413635254
253,1704382636-317,FERRARI,F8 Spider,720.0,7600.0,2021.0,379000,Automat,600 - 1500,1,0,0,"Via Pian Scairolo 26, 6915 Pambio Noranco",45.98479843139648,8.930482864379883
254,1704382639-318,TOYOTA,RAV-4 2.0 16V Linea Sol,150.0,200000.0,2001.0,3900,Manuell,0 - 249,1,0,0,"Alpsteinstrasse 56, 9100 Herisau",47.372520446777344,9.281729698181152
256,1704382652-322,DACIA,Duster TCe 150 Extreme EDC 4x2,150.0,500.0,2023.0,26590,Automat,0 - 249,1,0,0,"Luzernerstrasse 57, 6030 Ebikon",47.0713005065918,8.323710441589355
258,1704382659-325,NISSAN,Micra 0.9 IG-T Bose Personal Edition,90.0,97600.0,2018.0,13700,Manuell,0 - 249,1,0,0,"via Chiasso 21b, 6710 Biasca",46.3426628112793,8.97638988494873
260,1704382664-327,SKODA,Octavia Combi 2.0 TDI RS 4x4 DSG,184.0,182000.0,2016.0,13900,Automat,0 - 249,0,1,0,"Av. de la Plantaud 112, 1870 Monthey, 1870 Monthey",46.251075744628906,6.962816715240479
262,1704382669-329,VW,Touran 2.0 FSI Highline,150.0,191000.0,2004.0,1990,Manuell,0 - 249,1,0,0,"Oltenstrasse 26, 4702 Oensingen",47.290340423583984,7.729240894317627
268,1704382690-336,HYUNDAI,Getz 1.6 Style,106.0,78000.0,2007.0,2300,Manuell,0 - 249,1,0,0,"Burgholz 40, 3753 Oey",46.66598129272461,7.602039337158203
271,1704382697-339,MAZDA,2 1.5i 16V City2 Automatic,103.0,118500.0,2009.0,7900,Automat,0 - 249,1,0,0,"Via Sonvico 3a, 6948 Porza",46.0255241394043,8.963134765625
272,1704382700-340,PEUGEOT,207 SW 1.6 16V Sport,120.0,152000.0,2009.0,1000,Manuell,0 - 249,1,0,0,"Route de Sullens 9, 1303 Penthaz VD",46.597469329833984,6.542710781097412
273,1704382711-343,SKODA,Octavia Combi 2.0 TDI RS,184.0,197600.0,2015.0,11500,Manuell,0 - 249,0,1,0,"St. Gallerstrasse 7, 8352 Elsau ZH",47.49910354614258,8.809943199157715
275,1704382715-345,BENTLEY,Continental GT 4.0 V8,507.0,99999.0,2013.0,72899,Automat,250 - 599,1,0,0,"Zürcherstrasse, 42, 5330 Bad Zurzach",47.5765380859375,8.314477920532227
276,1704382718-346,SKODA,Kodiaq 2.0 TDI CR Style 4x4 DSG,200.0,6700.0,2022.0,45800,Automat,0 - 249,0,1,0,"Feldmoosstrasse 8, 8853 Lachen",47.19048309326172,8.864253997802734
277,1704382720-347,MINI,Cooper John Cooper Works Steptronic,231.0,4500.0,2023.0,47500,Automat,0 - 249,1,0,0,"Chemin de la Longivue 1, 1726 Farvagny-le-Grand",46.72317886352539,7.083887100219727
278,1704382723-348,MINI,Cooper Steptronic,136.0,36452.0,2015.0,16800,Automat,0 - 249,1,0,0,"Grossrietstrasse 17, 8606 Nänikon",47.37480545043945,8.67831802368164
279,1704382725-349,MERCEDES-BENZ,GLB 250 4Matic AMG Line 8G-Tronic,224.0,28000.0,2021.0,45900,Automat,0 - 249,1,0,0,"Route d Italie 37, 1950 Sion",46.24650955200195,7.388760566711426
280,1704382728-350,VW,Amarok 3.0TDI Aventura Winter 1,240.0,4700.0,2023.0,65500,Automat,0 - 249,0,1,0,"Feldmoosstrasse 8, 8853 Lachen",47.19048309326172,8.864253997802734
281,1704382733-351,VW,Golf 1.6 TDI Comfortline,110.0,84700.0,2017.0,15800,Manuell,0 - 249,0,1,0,"Grossrietstrasse 17, 8606 Nänikon",47.37480545043945,8.67831802368164
282,1704382736-352,AUDI,A3 Sportback 1.4 TFSI Attraction,122.0,132000.0,2013.0,11900,Manuell,0 - 249,1,0,0,"Gewerbehallenstrasse 4, 8304 Wallisellen (ZH)",47.413848876953125,8.575328826904297
283,1704382738-353,OPEL,Mokka 1.2 Direct Injection Turbo GS Line Aut.,130.0,13600.0,2022.0,23900,Automat,0 - 249,1,0,0,"Aarauerstrasse. 30, 5600 Lenzburg",47.387428283691406,8.168038368225098
284,1704382741-354,PORSCHE,Macan PDK,245.0,11500.0,2021.0,69999,Automat,0 - 249,1,0,0,"Bernstrasse 27, 4665 Oftringen",47.30928039550781,7.911998271942139
285,1704382743-355,MERCEDES-BENZ,GLE 350 d Executive 4Matic 9G-Tronic,258.0,168000.0,2017.0,33900,Automat,250 - 599,0,1,0,"Route de Genève 9c, 1033 Cheseaux-Lausanne",46.581912994384766,6.601833820343018
287,1704382748-357,FORD,Transit Custom Van 300 L2H1 Trend,105.0,31300.0,2018.0,27900,Manuell,0 - 249,0,1,0,"Gösgerstrasse 15, 4652 Winznau",47.36409378051758,7.938604831695557
288,1704382751-358,SKODA,Octavia Combi 2.0 TSI RS DSG,230.0,159500.0,2018.0,18750,Automat,0 - 249,1,0,0,"Dickistrasse 8, 8215 Hallau",47.69219970703125,8.467259407043457
291,1704382761-361,VW,Polo 1.0 TSI BMT Comfortline DSG,95.0,134000.0,2019.0,11900,Automat,0 - 249,1,0,0,"Arbonerstrasse 8, 8590 Romanshorn",47.564334869384766,9.365785598754885
293,1704382767-363,VW,Golf 2.0 TSI R 4Motion DSG,301.0,189500.0,2014.0,17950,Automat,250 - 599,1,0,0,"St.Gallerstrasse 44, 9300 Wittenbach",47.45486068725586,9.39901351928711
294,1704382769-364,LAND,Range Rover Sport 5.0 V8 S/C SVR Automatic,575.0,35800.0,2019.0,104800,Automat,250 - 599,1,0,0,"Obere Schwandenstrasse 2, 8833 Samstagern",47.20139694213867,8.685839653015137
298,1704382780-368,MERCEDES-BENZ,GLA 200 Night Star,156.0,53000.0,2019.0,28600,Automat,0 - 249,1,0,0,"Bahnhofstrasse 7, 8305 Dietlikon",47.413673400878906,8.616289138793945
299,1704382782-369,JEEP,Grand Cherokee 3.0 CRD Limited Automatic,250.0,95000.0,2019.0,33900,Automat,0 - 249,0,1,0,"Fürstenlandstrasse 25, 9000 St. Gallen",47.41446685791016,9.351840019226074
305,1704382805-377,PORSCHE,718 Boxster Spyder,400.0,14000.0,2021.0,98500,Manuell,250 - 599,1,0,0,"Blegistrasse 7, 6343 Rotkreuz",47.14921951293945,8.437192916870117
307,1704382820-381,CITROEN,Jumpy 2.0 HDi L1H1 Attraction,128.0,73700.0,2013.0,14499,Manuell,0 - 249,0,1,0,"Werkhofstrasse 1, 8360 Eschlikon TG",47.46231842041016,8.952805519104004
308,1704382822-382,MERCEDES-BENZ,CLA Shooting Brake 180 7G-DCT Progressive,136.0,28900.0,2021.0,33500,Automat,0 - 249,1,0,0,"Rue centrale 2, 1845 Noville",46.38693618774414,6.921760082244873
310,1704382829-385,CITROEN,Spacetourer 2.0 BlueHDi Business Lounge M EAT,177.0,47000.0,2021.0,38000,Automat,0 - 249,0,1,0,"Bahnhofstrasse 160, 6423 Seewen/SZ",47.02820587158203,8.631423950195312
311,1704382837-388,HYUNDAI,Kona 1.6 T-GDi Vertex 4WD DCT,177.0,76200.0,2019.0,21900,Automat,0 - 249,1,0,0,"Kirchbergstrasse 207, 3400 Burgdorf",47.06707763671875,7.604896545410156
312,1704382839-389,AUDI,Q4 e-tron 50 quattro,299.0,34500.0,2021.0,59900,Automat,250 - 599,0,0,1,"Avenue de Bellevaux 11, 2000 Neuchâtel",46.99888229370117,6.945072174072266
316,1704382861-396,RENAULT,Master T35 2.3dCi 130 L3H2,130.0,60500.0,2018.0,18500,Manuell,0 - 249,0,1,0,"St. Gallerstrasse 1, 8589 Sitterdorf",47.50647735595703,9.25190544128418
317,1704382864-397,MERCEDES-BENZ,CLS Shooting Brake 63 AMG S 4Matic Speedshift MCT,585.0,147500.0,2014.0,37500,Automat,250 - 599,1,0,0,"Bernstrasse West 60, 5034 Suhr",47.36955261230469,8.078812599182129
318,1704382871-400,ASTON,V8 Vantage 4.7 S,437.0,11000.0,2017.0,98500,Automat,250 - 599,1,0,0,"Bernstrasse West 60, 5034 Suhr",47.36955261230469,8.078812599182129
320,1704382879-402,VW,T-Cross 1.0 TSI Life DSG,110.0,39377.0,2022.0,23980,Automat,0 - 249,1,0,0,"Elsihof 1, 6035 Perlen",47.10655975341797,8.353533744812012
326,1704382899-410,BMW,840d xDrive Steptronic,320.0,17500.0,2018.0,69980,Automat,250 - 599,0,1,0,"Route de Corbaroche 20, 1723  Marly",46.77054977416992,7.163113594055176
328,1704382908-412,MERCEDES-BENZ,AMG GT C Roadster Edition 50 Speedshift DCT,558.0,8500.0,2018.0,129800,Automat,250 - 599,1,0,0,"Bernstrasse West 60, 5034 Suhr",47.36955261230469,8.078812599182129
329,1704382910-413,MERCEDES-BENZ,CLA Shooting Brake 180 Urban 7G-DCT,122.0,81900.0,2018.0,21900,Automat,0 - 249,1,0,0,"Rue centrale 2, 1845 Noville",46.38693618774414,6.921760082244873
330,1704382913-414,AUDI,A4 allroad 2.0 TFSI quattro S-tronic,252.0,76500.0,2018.0,39900,Automat,250 - 599,1,0,0,"Avenue de Bellevaux 11, 2000 Neuchâtel",46.99888229370117,6.945072174072266
331,1704382915-415,BMW,X5 xDrive M50d Steptronic,381.0,134000.0,2014.0,36800,Automat,250 - 599,0,1,0,"Bernstrasse West 60, 5034 Suhr",47.36955261230469,8.078812599182129
332,1704382918-416,OPEL,Vectra 1.8i 16V Senso-Tec,125.0,40700.0,2001.0,4800,Manuell,0 - 249,1,0,0,"Grossrietstrasse 17, 8606 Nänikon",47.37480545043945,8.67831802368164
334,1704382923-418,BMW,M4 Cabriolet DKG,431.0,19800.0,2014.0,64900,Automat,250 - 599,1,0,0,"Bernstrasse West 60, 5034 Suhr",47.36955261230469,8.078812599182129
335,1704382925-419,VW,Passat Variant 2.0 TDI BMT Comfortline 4M,140.0,234000.0,2011.0,7700,Manuell,0 - 249,0,1,0,"Plong Muling 30, 7013 Domat/Ems",46.838653564453125,9.463361740112305
336,1704382933-421,AUDI,80 Avant RS2,315.0,48000.0,1994.0,99500,Manuell,250 - 599,1,0,0,"Bernstrasse West 60, 5034 Suhr",47.36955261230469,8.078812599182129
337,1704382936-422,AUDI,TTS Coupé 2.0 TFSI quattro S-tronic,310.0,69500.0,2015.0,39900,Automat,250 - 599,1,0,0,"Avenue de Bellevaux 11, 2000 Neuchâtel",46.99888229370117,6.945072174072266
339,1704382941-424,MERCEDES-BENZ,C 250 d Swiss Star Avantgarde 4Matic 9G-Tronic,204.0,73900.0,2017.0,27900,Automat,0 - 249,0,1,0,"Rue centrale 2, 1845 Noville",46.38693618774414,6.921760082244873
341,1704382946-426,MERCEDES-BENZ,A 180 AMG Line,136.0,39900.0,2021.0,29900,Manuell,0 - 249,1,0,0,"Rue centrale 2, 1845 Noville",46.38693618774414,6.921760082244873
342,1704382949-427,CITROEN,C4 1.2 Pure Tech Shine,131.0,69900.0,2017.0,11900,Manuell,0 - 249,1,0,0,"alla Bolla 20, 6595 Riazzino",46.17629623413086,8.885866165161133
343,1704382954-429,AUDI,Q5 Sportback 45 TFSI Black Edition quattro S-troni,265.0,37500.0,2021.0,66900,Automat,250 - 599,1,0,0,"Avenue de Bellevaux 11, 2000 Neuchâtel",46.99888229370117,6.945072174072266
344,1704382956-430,SUZUKI,Swift 1.2i 16V Sergio Cellano,90.0,93000.0,2017.0,9600,Manuell,0 - 249,1,0,0,"St.Gallerstrasse 36, 8716 Schmerikon",47.22723007202149,8.956616401672363
347,1704382967-433,VOLVO,V60 D4 AWD Momentum Geartronic,163.0,230000.0,2013.0,8500,Automat,0 - 249,0,1,0,"Hauptstrasse 82, 4943 Oeschenbach",47.10765075683594,7.749866485595703
354,1704382985-440,MINI,Cooper S Steptronic DKG,192.0,49200.0,2019.0,23900,Automat,0 - 249,1,0,0,"Fluhmühle 9, 6015 Luzern",47.05766296386719,8.285466194152832
356,1704382993-442,HYUNDAI,i10 1.2 Style,78.0,216000.0,2011.0,1400,Manuell,0 - 249,1,0,0,"Zürichstrasse 47, 8607 Aathal-Seegräben",47.33797836303711,8.763263702392578
358,1704383000-445,MITSUBISHI,ASX,110.0,142000.0,2012.0,7400,Manuell,0 - 249,0,1,0,"Luzernerstrasse 36, 5620 Bremgarten",47.34527206420898,8.337627410888672
359,1704383003-446,BMW,125i Sport Line Steptronic,218.0,44500.0,2013.0,22500,Automat,0 - 249,1,0,0,"Via Pascolo 5A, 6612 Ascona",46.16028594970703,8.777206420898438
362,1704383011-449,AUDI,A1 Sportback 1.4 TFSI Design S-tronic,150.0,88000.0,2016.0,16900,Automat,0 - 249,1,0,0,"Rue des metiers 1, 1008 Prilly",46.53355407714844,6.60662841796875
363,1704383013-450,JEEP,Wrangler 4.0 Laredo A ABS,184.0,276000.0,1995.0,13952,Automat,0 - 249,1,0,0,"Rickenbachstrasse 46, 6430 Schwyz",47.02184295654297,8.658909797668457
364,1704383019-451,CITROEN,C3 1.2i PureTech Swiss Edition EAT6,110.0,21500.0,2022.0,18500,Automat,0 - 249,1,0,0,"Pré du Pont 109, 1868 Collombey",46.26795959472656,6.952877521514893
366,1704383024-453,VW,Passat Variant 2.0 TDI SCR BMT Highline DSG,190.0,125000.0,2015.0,17900,Automat,0 - 249,0,1,0,"Breitestrasse 16, 9532 Rickenbach b. Wil",47.44630432128906,9.051247596740724
367,1704383026-454,OPEL,Mokka 1.2 Direct Injection Turbo GS Line Aut.,130.0,20400.0,2022.0,23900,Automat,0 - 249,1,0,0,"Aarauerstrasse. 30, 5600 Lenzburg",47.387428283691406,8.168038368225098
368,1704383031-456,MERCEDES-BENZ,GLC 250 d 4Matic 9G-Tronic,204.0,139900.0,2016.0,27900,Automat,0 - 249,0,1,0,"Dorfmattenstrasse 2, 5612 Villmergen",47.34615707397461,8.250041961669922
369,1704383034-457,CITROEN,C3 1.2i Séduction,82.0,121609.0,2013.0,4900,Manuell,0 - 249,1,0,0,"Solothurnstrasse 40, 2544 Bettlach",47.19814682006836,7.43035364151001
374,1704383049-462,AUDI,A1 Sportback 1.4 TFSI S-tronic,125.0,96500.0,2018.0,13990,Automat,0 - 249,1,0,0,"Gurzelenstrasse 2, 4512 Bellach",47.21105194091797,7.50578498840332
375,1704383052-463,VW,Polo 1.6 TDI BMT Comfortline,90.0,176429.0,2009.0,5900,Manuell,0 - 249,0,1,0,"Route du Simplon 32, 1852 Roche VD",46.3544807434082,6.932366371154785
382,1704383069-470,FORD,S-Max 2.0i Ambiente,145.0,222000.0,2008.0,3999,Manuell,0 - 249,1,0,0,"Gewerbehallenstrasse 4, 8304 Wallisellen (ZH)",47.413848876953125,8.575328826904297
383,1704383075-471,OPEL,Mokka 1.2 Direct Injection Turbo GS Line Aut.,130.0,26400.0,2022.0,23900,Automat,0 - 249,1,0,0,"Aarauerstrasse. 30, 5600 Lenzburg",47.387428283691406,8.168038368225098
386,1704383082-474,OPEL,Astra Caravan 1.8i 16V Cosmo,125.0,234000.0,2005.0,1800,Automat,0 - 249,1,0,0,"Äussere Luzernerstrasse 16, 4665 Oftringen",47.29842376708984,7.934136867523193
388,1704383087-476,VW,Lupo 60 ABS,60.0,141170.0,2002.0,499,Manuell,0 - 249,1,0,0,"Bodackerstrasse 14, 8953 Dietikon",47.412235260009766,8.38632869720459
392,1704383105-482,CITROEN,C5 Berline 2.7 HDi V6 Dynamique+ Automatic,204.0,231241.0,2008.0,2399,Automat,0 - 249,0,1,0,"Bodackerstrasse 14, 8953 Dietikon",47.412235260009766,8.38632869720459
393,1704383110-484,PEUGEOT,308 1.6 THP Allure,156.0,212000.0,2014.0,4950,Manuell,0 - 249,1,0,0,"Baarerstrasse 60, 8932 Mettmenstetten (ZH)",47.225128173828125,8.48512077331543
394,1704383112-485,SUZUKI,Swift 1.2i 16V PizSulai 4x4,90.0,108155.0,2016.0,10898,Manuell,0 - 249,1,0,0,"Färzbach 41d, 6197 Schangnau",46.82731246948242,7.859797477722168
395,1704383115-486,ISUZU,D-MAX 1.9 SpaceCab N60FF 4x4 AT,164.0,35000.0,2021.0,34900,Automat,0 - 249,0,1,0,"Bahnhofstrasse 18 5242 Lupfig, 5242 Lupfig",47.441707611083984,8.20689868927002
396,1704383117-487,MERCEDES-BENZ,C 180 Kompressor Avantgarde,143.0,181212.0,2006.0,3599,Automat,0 - 249,1,0,0,"Bodackerstrasse 14, 8953 Dietikon",47.412235260009766,8.38632869720459
398,1704383125-490,SEAT,Ateca 2.0 TDI CR SWISS Xcellence 4Drive DSG,150.0,116800.0,2019.0,20950,Automat,0 - 249,0,1,0,"Oberneuhofstrasse 13, 6340 Baar",47.1868896484375,8.516530990600586
399,1704383131-491,PEUGEOT,1007 1.6 Sport(y) 2-Tronic,110.0,110000.0,2005.0,3500,Automat,0 - 249,1,0,0,"Im Grund 15, 5405 Dättwil",47.45159530639648,8.290854454040527
400,1704383133-492,SUZUKI,SX4 1.6 16V Compact Top 2WD,120.0,84000.0,2015.0,9900,Manuell,0 - 249,1,0,0,"Via San Gottardo 120, 6500 Bellinzona",46.20896911621094,9.038769721984863
401,1704383136-493,VW,T4 2.4D syncro,78.0,250000.0,1995.0,4500,Manuell,0 - 249,0,1,0,"Route d'Oron 102, 1000 Lausanne",46.536659240722656,6.678225517272949
402,1704383138-494,SKODA,Octavia Combi 1.6 TDI Ambition DSG,115.0,145000.0,2018.0,10900,Automat,0 - 249,0,1,0,"Rte de la Serbache 6, 1634 La Roche FR",46.704044342041016,7.149051666259766
403,1704383141-495,OPEL,Corsa 1.4 TP Silverline,90.0,157800.0,2006.0,2980,Manuell,0 - 249,1,0,0,"Wilerstrasse 35, 9554 Tägerschen",47.50598907470703,9.029154777526855
405,1704383146-497,SUBARU,Legacy 2.5 Limited,156.0,193000.0,1999.0,1500,Automat,0 - 249,1,0,0,"Im Grund 15, 5405 Dättwil",47.45159530639648,8.290854454040527
408,1704383153-500,AUDI,A4 Avant 2.0 TDI multitronic,177.0,167500.0,2012.0,8900,Automat,0 - 249,0,1,0,"Münigen 1, 6208 Oberkirch",47.16361999511719,8.109768867492676
409,1704383159-501,HYUNDAI,i30 1.6 CRDi Vertex,136.0,62000.0,2016.0,14900,Manuell,0 - 249,0,1,0,"Bahnhofstrasse 5, 9308 Lömmenschwil",47.50289916992188,9.357492446899414
410,1704383162-502,AUDI,A4 Avant 2.0 TFSI quattro s-tronic,211.0,187800.0,2013.0,11900,Automat,0 - 249,1,0,0,"ALTHARDSTR 302, 8105 REGENSDORF",47.44624328613281,8.459880828857422
411,1704383167-504,PEUGEOT,807 2.0 16V (SR) Family,140.0,95000.0,2007.0,7900,Manuell,0 - 249,1,0,0,"Pfeidstrasse 31, 2555 Brügg",47.12133407592773,7.275235176086426
412,1704383169-505,VW,Caddy 1.4 TSI Family DSG,125.0,50240.0,2017.0,19900,Automat,0 - 249,1,0,0,"Buholzstrasse 40, 6032 Emmen",47.0927734375,8.318682670593262
413,1704383172-506,PEUGEOT,307 CC 2.0 16V,136.0,228000.0,2004.0,500,Manuell,0 - 249,1,0,0,"Bernstrasse 13A, 3114 Wichtrach",46.84539413452149,7.576281547546387
414,1704383174-507,LAND,Range Rover Evoque 2.0 TD4 SE Dynamic,180.0,91000.0,2016.0,23900,Manuell,0 - 249,0,1,0,"Äussere Luzernerstrasse 7, 4665 Oftringen",47.30267333984375,7.932472705841064
416,1704383179-509,FIAT,Panda 1.1 City,54.0,133000.0,2005.0,600,Manuell,0 - 249,1,0,0,"Bernstrasse 13A, 3114 Wichtrach",46.84539413452149,7.576281547546387
417,1704383182-510,SKODA,Octavia Combi 1.8 TSI Arosa 4x4,160.0,160000.0,2011.0,5900,Manuell,0 - 249,1,0,0,"Schrotmättli 4, 6014 Luzern",47.046756744384766,8.25660228729248
419,1704383190-512,MERCEDES-BENZ,ML 320 CDI 4Matic 7G-Tronic,224.0,274000.0,2006.0,5200,Automat,0 - 249,0,1,0,"Chemin des Tilleuls 1A, 1563 Dompierre",46.8538932800293,6.992538928985596
420,1704383193-513,BMW,X3 xDrive 30d xLine Steptronic,258.0,78870.0,2016.0,16900,Automat,250 - 599,0,1,0,"Althardstrasse 302, 8105 Regensdorf",47.44624328613281,8.459880828857422
421,1704383195-514,AUDI,A1 Sportback 30 TFSI S Line S-tronic,115.0,110000.0,2018.0,17990,Automat,0 - 249,1,0,0,"Hauptstrasse 50, 1796 Courgevaux",46.9096794128418,7.110177993774414
422,1704383198-515,SUBARU,WRX 2.5 Turbo 4WD STI Sport S,301.0,107000.0,2016.0,23900,Manuell,250 - 599,1,0,0,"Bernstrasse 5, 3365 Seeberg",47.157039642333984,7.662407875061035
423,1704383200-516,BMW,550i,367.0,186000.0,2006.0,6599,Automat,250 - 599,1,0,0,"Widenholzstrasse 11, 8304 Wallisellen",47.4105339050293,8.614249229431152
427,1704383216-521,RENAULT,Koleos 2.0 dCi Initiale Paris 4WD Xtronic CVT,184.0,100.0,2023.0,38900,Automat,0 - 249,0,1,0,"Horwerstrasse 120, 6010 Kriens",47.02512741088867,8.301193237304688
428,1704383218-522,SEAT,Ibiza SC 1.4 TSI Cupra DSG,180.0,174000.0,2011.0,3999,Automat,0 - 249,1,0,0,"Widenholzstrasse 11, 8304 Wallisellen",47.4105339050293,8.614249229431152
432,1704383231-527,VW,Polo 1.4 TSI BlueGT,140.0,131000.0,2013.0,10800,Manuell,0 - 249,1,0,0,"Dickistrasse 8, 8215 Hallau",47.69219970703125,8.467259407043457
434,1704383238-530,MAZDA,6 2.3 16V Sport,166.0,214000.0,2004.0,2900,Manuell,0 - 249,1,0,0,"Herferswil 60, 8932 Mettmenstetten",47.25375747680664,8.489367485046387
435,1704383244-531,AUDI,Q3 Sportback 45 TFSI S line quattro S-tronic,230.0,106900.0,2019.0,33900,Automat,0 - 249,1,0,0,"Breitestrasse 16, 9532 Rickenbach b. Wil",47.44630432128906,9.051247596740724
436,1704383247-532,CITROEN,C3 Picasso 1.6i 16V Exclusive,120.0,53000.0,2014.0,5900,Manuell,0 - 249,1,0,0,"Via San Gottardo 120, 6500 Bellinzona",46.20896911621094,9.038769721984863
438,1704383253-534,FORD,Transit Custom Van 290 L1H1 Ambiente,125.0,203400.0,2017.0,6990,Manuell,0 - 249,0,1,0,"Mühlentalstrasse 261, 8200 Schaffhausen",47.71406173706055,8.63126277923584
442,1704383263-538,OPEL,Mokka 1.2 Direct Injection Turbo GS Line Aut.,130.0,27600.0,2022.0,23900,Automat,0 - 249,1,0,0,"Aarauerstrasse. 30, 5600 Lenzburg",47.387428283691406,8.168038368225098
447,1704383289-547,SUBARU,Forester 2.0 Cool Plus,125.0,215000.0,2002.0,3500,Manuell,0 - 249,1,0,0,"Industriestrasse, 20, 2553 Safnern",47.15618896484375,7.334183692932129
448,1704383291-548,FORD,Kuga 2.0 TDCi Titanium 4WD PowerShift,140.0,151000.0,2012.0,7900,Automat,0 - 249,0,1,0,"Chemin de Champ-Francey 140, 1630 Bulle",46.63027191162109,7.060140609741211
449,1704383294-549,HYUNDAI,i20 1.4 Style Automatic,101.0,88000.0,2012.0,7800,Automat,0 - 249,1,0,0,"Stanserstrasse 107b, 6064 Kerns OW",46.90839767456055,8.291356086730957
450,1704383296-550,BMW,X6 xDrive 50i Steptronic,408.0,173688.0,2013.0,17900,Automat,250 - 599,1,0,0,"Marschalkenstrasse 10, 4132 Muttenz",47.53071212768555,7.65043830871582
453,1704383310-554,MITSUBISHI,Space W 2.4 GLX Edition,147.0,16000.0,2003.0,3500,Manuell,0 - 249,1,0,0,"Leenrütimattweg 5, 4704 Niederbipp",47.28178405761719,7.702002048492432
454,1704383315-556,DAIHATSU,Sirion 1.0 eco-top,69.0,180200.0,2008.0,1999,Manuell,0 - 249,1,0,0,"Leenrütimattweg 5, 4704 Niederbipp",47.28178405761719,7.702002048492432
459,1704383348-568,MITSUBISHI,Lancer Sportback 1.5 Inform,109.0,100000.0,2011.0,6500,Manuell,0 - 249,1,0,0,"Bahnhofstrasse 175, 9244 Niederuzwil",47.44595336914063,9.149778366088867
461,1704383359-571,OPEL,Meriva 1.7 CDTi Cosmo,100.0,98000.0,2011.0,5000,Automat,0 - 249,0,1,0,"Heilbronnerstrasse 9, 4500 Solothurn",47.20845413208008,7.527942657470703
463,1704383364-573,BMW,328i xDrive Touring Steptronic,245.0,141400.0,2015.0,17900,Automat,0 - 249,1,0,0,"Rohrerstrasse 30, 5000 Aarau",47.39478302001953,8.05840015411377
464,1704383367-574,VW,Sharan 2.0 TDI BlueMotion Technology Cup DSG,177.0,116000.0,2015.0,20900,Automat,0 - 249,0,1,0,"Murtenstrasse 40, 3177 Laupen",46.908939361572266,7.235764980316162
465,1704383372-576,RENAULT,Clio 1.2 16V Yahoo,75.0,48800.0,2013.0,6900,Manuell,0 - 249,1,0,0,"Hardgutstrasse 1a, 8048 Zürich",47.38563537597656,8.505556106567383
468,1704383379-579,FORD,Focus 2.0 SCTi ST-2,250.0,137600.0,2014.0,13999,Manuell,0 - 249,1,0,0,"Leenrütimattweg 5, 4704 Niederbipp",47.28178405761719,7.702002048492432
469,1704383382-580,MITSUBISHI,Colt 1.3 16V Jubilé (35) Allshift,95.0,60000.0,2012.0,7500,Automat,0 - 249,1,0,0,"Leenrütimattweg 5, 4704 Niederbipp",47.28178405761719,7.702002048492432
470,1704383387-581,FORD,Transit Custom Plus 340 L2H1 Camper A,185.0,12750.0,2021.0,65800,Automat,0 - 249,0,1,0,"Täschenstrasse 13, 9410 Heiden",47.43836975097656,9.530622482299805
471,1704383390-582,FIAT,500 1.4 16V Turbo Abarth,135.0,124145.0,2011.0,6400,Manuell,0 - 249,1,0,0,"Engefluhstrasse 13, 8212 Neuhausen",47.68457794189453,8.610089302062988
472,1704383392-583,ALFA,Stelvio 2.0 Super Q4 Automatic,280.0,78000.0,2018.0,40000,Automat,250 - 599,1,0,0,"Fiesso Sopra 8, 6772 Rodi-Fiesso",46.49114227294922,8.732951164245605
473,1704383395-584,CITROEN,C4 Cactus 1.2 e-THP Shine Edition,110.0,90100.0,2015.0,9000,Manuell,0 - 249,1,0,0,"floreal 11, 1008 prilly",46.53447341918945,6.601780891418457
474,1704383397-585,AUDI,A6 Avant 3.0 TDI V6 quattro S-tronic,204.0,129500.0,2013.0,15900,Automat,0 - 249,0,1,0,"Buzibachring 3b, 6023 Rothenburg",47.09141540527344,8.254804611206055
475,1704383400-586,BMW,228i Luxury Line Steptronic,245.0,59689.0,2016.0,19800,Automat,0 - 249,1,0,0,"Wanderstrasse, 87, 4054 Basel",47.55202102661133,7.564065456390381
476,1704383402-587,VW,Sharan 2.0 TDI BlueMotion Technology Highline DSG,140.0,179500.0,2011.0,11100,Automat,0 - 249,0,1,0,"Dorfstrasse, 9312 Häggenschwil",47.494239807128906,9.3451509475708
477,1704383405-588,LAND,Range Rover Evoque 2.2 SD4 Union Monochrome AT9,190.0,190000.0,2015.0,9000,Automat,0 - 249,0,1,0,"Lerchenstrasse, 1, 4414 Füllinsdorf",47.5072021484375,7.73696756362915
478,1704383407-589,VW,T5 2.5 TDI PD,131.0,268000.0,2006.0,12500,Automat,0 - 249,0,1,0,"Weiermattstrasse 76, 3027 bern",46.94852828979492,7.373888492584228
480,1704383415-591,BMW,X3 xDrive M40i Steptronic,360.0,110000.0,2017.0,37600,Automat,250 - 599,1,0,0,"Deitingenstrasse, 4553 Subingen",47.19599151611328,7.614753246307373
481,1704383417-592,VW,T5 2.5 TDI PD,131.0,315000.0,2008.0,9700,Manuell,0 - 249,0,1,0,"Tombet 17, 2034 Peseux",46.98584747314453,6.895524978637695
483,1704383422-594,CITROEN,C3 1.2i PureTech Shine,110.0,53166.0,2018.0,13000,Manuell,0 - 249,1,0,0,"Avenue de saugiaz 7, 1020 Renens",46.53968811035156,6.586767196655273
486,1704383435-599,PUCH,G 350 TD Basis,136.0,152125.0,1996.0,31900,Automat,0 - 249,0,1,0,"Lausenerstrasse 27, 4410 Liestal",47.476844787597656,7.748184680938721
487,1704383442-601,AUDI,A6 Avant 3.0 TFSI V6 quattro S-tronic,300.0,195000.0,2013.0,12900,Automat,250 - 599,1,0,0,"Industriestrasse 31, 8112 Otelfingen",47.4566650390625,8.400898933410645
490,1704383450-604,PEUGEOT,206 1.4 16V Premium,88.0,115000.0,2004.0,3500,Manuell,0 - 249,1,0,0,"Ribistrasse 1a, 8362 Balterswil",47.45465469360352,8.940751075744629
491,1704383455-606,PEUGEOT,Boxer 2.8 HDI 330 M (SPE),127.0,169000.0,2005.0,2900,Manuell,0 - 249,0,1,0,"Buchserstrasse 36, 8108 Dällikon",47.44634246826172,8.439005851745605
493,1704383460-608,BMW,320i Touring,170.0,204000.0,2011.0,5400,Manuell,0 - 249,1,0,0,"Schickmattweg 2, 8332 Russikon ZH",47.39151382446289,8.774325370788574
496,1704383470-611,VW,Polo 1.0 BMT Comfortline,75.0,58800.0,2018.0,13800,Manuell,0 - 249,1,0,0,"Zeiningerstrasse 14, 4313 Möhlin",47.550872802734375,7.857580184936523
497,1704383473-612,MITSUBISHI,Colt 1.3 16V City Star ClearTec,95.0,59445.0,2011.0,5400,Manuell,0 - 249,1,0,0,"Baselstrasse 67, 4203 Grellingen",47.44398880004883,7.598239421844482
501,1704383482-616,VW,Scirocco 2.0 TSI,200.0,140000.0,2009.0,7990,Manuell,0 - 249,1,0,0,"Industriestrasse 31, 8112 Otelfingen",47.4566650390625,8.400898933410645
502,1704383485-617,VW,Passat Variant 2.0 TSI Comfortline DSG,211.0,233000.0,2013.0,4900,Automat,0 - 249,1,0,0,"Untere Dünnernstrasse 65, 4612 Wangen b. Olten",47.34405899047852,7.878701686859131
503,1704383487-618,FORD,Focus 1.6 TDCi Ambiente,90.0,231000.0,2006.0,999,Manuell,0 - 249,0,1,0,"Industriestrasse 12, 6215 Beromünster",47.20286178588867,8.203764915466309
504,1704383490-619,RENAULT,Kangoo 1.6 16V Privilège 4x4,95.0,79000.0,2009.0,6390,Manuell,0 - 249,1,0,0,"Luggiwil 15, 3186 Düdingen",46.86465072631836,7.198166847229004
505,1704383493-620,KIA,Picanto 1.1 EX,65.0,55950.0,2006.0,3450,Manuell,0 - 249,1,0,0,"Hauptstrasse 306, 3855 Brienz BE",46.74557113647461,8.057729721069336
506,1704383498-621,BENTLEY,Continental Flying Spur 6.0,560.0,160000.0,2006.0,21900,Automat,250 - 599,1,0,0,"Pfeidstrasse 31, 2555 Brügg",47.12133407592773,7.275235176086426
507,1704383503-623,VOLVO,XC60 D5 AWD Momentum Geartronic,215.0,106000.0,2014.0,14900,Automat,0 - 249,0,1,0,"64-66 rue de Lausanne, 1202 Geneve",46.215274810791016,6.147068500518799
508,1704383506-624,FIAT,Panda 1.3 16V JTD Cross 4x4,70.0,56000.0,2006.0,7880,Manuell,0 - 249,0,1,0,"Zugerstrasse 55, 6403 Küssnacht am Rigi",47.107032775878906,8.448854446411133
512,1704383515-628,FORD,Grand C-Max 1.0 SCTi Carving,125.0,172000.0,2014.0,2900,Manuell,0 - 249,1,0,0,"Route du Barrage 9, 1728 Rossens (FR)",46.720481872558594,7.091785907745361
513,1704383518-629,CITROEN,Grand C4 Picasso 1.6 HDI 16V Dynamique,110.0,199000.0,2006.0,1990,Automat,0 - 249,0,1,0,"Adligenstrasse 9, 6020 Emmenbrücke",47.09269332885742,8.278168678283691
514,1704383520-630,MERCEDES-BENZ,G 500 9G-Tronic,422.0,59900.0,2019.0,136900,Automat,250 - 599,1,0,0,"Färberstrasse 6, 8008 Zürich",47.36167907714844,8.54853630065918
515,1704383526-631,CHEVROLET,Corvette Stingray Coupé,466.0,138000.0,2014.0,49900,Manuell,250 - 599,1,0,0,"Bahnhofstrasse 5, 9308 Lömmenschwil",47.50289916992188,9.357492446899414
521,1704383544-638,AUDI,A7 Sportback 3.0 TFSI quattro S-tronic,313.0,99999.0,2012.0,33990,Automat,250 - 599,0,1,0,"Wängistrasse 2, 8355 Aadorf",47.486854553222656,8.906936645507812
522,1704383548-640,VW,Polo 1.0 TSI BMT Comfortline DSG,110.0,37200.0,2021.0,18500,Automat,0 - 249,1,0,0,"Lagerstrasse 14, 8600 Dübendorf",47.40056228637695,8.60324478149414
525,1704383559-643,OPEL,Antara 2.2 CDTi Enjoy 4WD Automatic,163.0,316000.0,2015.0,4600,Automat,0 - 249,0,1,0,"Zürcherstrasse 42, 5330 Bad Zurzach",47.5765380859375,8.314477920532227
527,1704383564-645,PEUGEOT,308 SW 1.2 Pure Tech Allure Pack,131.0,20399.0,2022.0,32500,Automat,0 - 249,1,0,0,"Oltnerstrasse 101, 4663 Aarburg",47.33354949951172,7.906131267547607
528,1704383567-646,PEUGEOT,308 SW 1.5 BlueHDI Allure Pack,131.0,15759.0,2023.0,30900,Automat,0 - 249,0,1,0,"Oltnerstrasse 101, 4663 Aarburg",47.33354949951172,7.906131267547607
530,1704383572-648,PEUGEOT,208 1.2 PureTech Active Pack,100.0,100.0,2023.0,22800,Automat,0 - 249,1,0,0,"Oltnerstrasse 101, 4663 Aarburg",47.33354949951172,7.906131267547607
531,1704383577-650,FIAT,Scudo 2.0 MJ Comfort 1.0t,128.0,186000.0,2014.0,5500,Manuell,0 - 249,0,1,0,"Sarganserstrasse 48, 8880 Walenstadt",47.11624526977539,9.325493812561035
532,1704383582-651,SUZUKI,SX4 S-Cross 1.4 16V Tradizio Top 4WD Automatic,140.0,37500.0,2019.0,22900,Automat,0 - 249,1,0,0,"Jaluse 2, 2400 Le Locle",47.05116271972656,6.750363349914551
533,1704383584-652,HYUNDAI,i20 1.2 Comfort,86.0,104000.0,2014.0,4900,Manuell,0 - 249,1,0,0,"Industriestrasse 18, 9470 Buchs SG",47.17133712768555,9.480002403259276
535,1704383589-654,VW,Passat Alltrack 2.0 TDI BMT 4Motion,170.0,232000.0,2012.0,8700,Automat,0 - 249,0,1,0,"Sarganserstrasse 48, 8880 Walenstadt",47.11624526977539,9.325493812561035
536,1704383594-655,SUZUKI,Vitara 1.4 Boosterjet Compact Top Automatic,140.0,114900.0,2018.0,19900,Automat,0 - 249,1,0,0,"Pré du Pont 109, 1868 Collombey",46.26795959472656,6.952877521514893
537,1704383599-657,VW,Polo 1.4 16V Comfortline,75.0,67000.0,2004.0,2700,Manuell,0 - 249,1,0,0,"Chemin Delay 22, 1214 Vernier",46.21965789794922,6.077111721038818
540,1704383607-660,OPEL,Corsa 1.2 16V Club,75.0,212000.0,2001.0,799,Manuell,0 - 249,1,0,0,"Seetalstrasse 41, 8280 Kreuzlingen",47.6443977355957,9.187561988830566
541,1704383612-661,MERCEDES-BENZ,Sprinter 313 CDI Extralang 7G-Tronic,129.0,370000.0,2015.0,11500,Automat,0 - 249,0,1,0,"Sarganserstrasse 48, 8880 Walenstadt",47.11624526977539,9.325493812561035
545,1704383622-665,RENAULT,Scénic 1.5 dCi Initiale Paris EDC,110.0,45500.0,2017.0,14500,Automat,0 - 249,0,1,0,"Lagerstrasse 14, 8600 Dübendorf",47.40056228637695,8.60324478149414
546,1704383624-666,VW,Polo 1.4 16V FSI Comfortline,85.0,200000.0,2004.0,2499,Manuell,0 - 249,1,0,0,"Chemin Champs Prévost 6, 1214 Vernier",46.22151947021485,6.092485427856445
547,1704383627-667,PEUGEOT,5008 1.5 BlueHDi Allure Pack EAT8,131.0,21401.0,2023.0,38900,Automat,0 - 249,0,1,0,"Oltnerstrasse 101, 4663 Aarburg",47.33354949951172,7.906131267547607
548,1704383629-668,VW,Sharan 1.8 T Highline,150.0,205500.0,2003.0,2500,Automat,0 - 249,1,0,0,"Niederholzstrasse 20, 8951 Fahrweid",47.40693664550781,8.415196418762207
549,1704383632-669,BMW,325i Cabriolet Steptronic,218.0,323000.0,2007.0,3999,Automat,0 - 249,1,0,0,"Via Fola 9, 6963 Pregassona",46.01711654663086,8.96275806427002
553,1704383645-673,MAZDA,3 2.0 16V Exclusive,150.0,194000.0,2005.0,900,Manuell,0 - 249,1,0,0,"Route de Sullens 9, 1303 Penthaz VD",46.597469329833984,6.542710781097412
554,1704383647-674,NISSAN,Micra 1.2 visia (prima),65.0,192000.0,2009.0,990,Manuell,0 - 249,1,0,0,"Untere Dünnernstrasse, 4612 Wangen bei Olten",47.34194564819336,7.872065544128418
555,1704383649-675,BMW,318 ti Compact,143.0,208983.0,2002.0,1500,Manuell,0 - 249,1,0,0,"Winterthurerstrasse 702, 8247 Flurlingen",47.69027328491211,8.629841804504395
556,1704383652-676,SKODA,Enyaq Coupé RS iV 80 4x4,299.0,2000.0,2023.0,64900,Automat,250 - 599,0,0,1,"Bahnhofstrasse 186, 6423 Seewen",47.03028869628906,8.628253936767578
559,1704383668-681,PORSCHE,Macan GTS PDK,380.0,32500.0,2021.0,91800,Automat,250 - 599,1,0,0,"Aeussere Luzernerstrasse 19, 4665 Oftringen",47.29706954956055,7.93613338470459
560,1704383670-682,MERCEDES-BENZ,E 220 d T AMG Line 9G-Tronic,194.0,34000.0,2021.0,44900,Automat,0 - 249,0,1,0,"Bernstrasse 358, 8953 Dietikon",47.392669677734375,8.401385307312012
561,1704383672-683,HYUNDAI,i40 Wagon 1.7 CRDI Premium,136.0,115000.0,2015.0,10900,Manuell,0 - 249,0,1,0,"64-66 rue de Lausanne, 1202 Geneve",46.215274810791016,6.147068500518799
562,1704383680-686,PEUGEOT,307 CC 2.0 16V,136.0,154000.0,2004.0,2200,Manuell,0 - 249,1,0,0,"Wittnauerstr 201, 4468 Kienberg",47.4433822631836,7.963037967681885
564,1704383685-688,VOLVO,XC60 D5 AWD Summum Geartronic,215.0,145500.0,2011.0,13900,Automat,0 - 249,0,1,0,"64-66 rue de Lausanne, 1202 Geneve",46.215274810791016,6.147068500518799
566,1704383690-690,SEAT,Leon 1.6 Shake,102.0,173000.0,2007.0,2500,Manuell,0 - 249,1,0,0,"Klausmattstrasse 1, 6038 Gisikon LU",47.12247085571289,8.396854400634766
568,1704383698-692,AUDI,A5 Sportback 2.0 TFSI quattro S-tronic,211.0,206000.0,2012.0,11999,Automat,0 - 249,1,0,0,"Pfeidstrasse 31, 2555 Brügg",47.12133407592773,7.275235176086426
569,1704383700-693,FORD,S-Max 2.0 TDCi Titanium,140.0,114000.0,2014.0,14990,Manuell,0 - 249,0,1,0,"Bahnhofstrasse 5, 9308 Lömmenschwil",47.50289916992188,9.357492446899414
571,1704383728-703,SUZUKI,Swift 1.6i 16V Sport,136.0,140000.0,2013.0,8900,Manuell,0 - 249,1,0,0,"Bahnhofstrasse 175, 9244 Niederuzwil",47.44595336914063,9.149778366088867
574,1704383751-711,VW,e-Up,83.0,1100.0,2023.0,30500,Automat,0 - 249,0,0,1,"Birsfelderstrasse 50, 4132 Muttenz",47.53702926635742,7.633534908294678
575,1704383756-713,JEEP,Wrangler 3.8 Unlimited Rubicon Automatic,198.0,155000.0,2011.0,24900,Manuell,0 - 249,1,0,0,"Bernstrasse 119, 3613 Steffisburg",46.77606964111328,7.614819049835205
578,1704383764-716,BMW,X1 xDrive 20d xLine Steptronic,190.0,44420.0,2018.0,32900,Automat,0 - 249,0,1,0,"Landstrasse 15, 5417 Untersiggenthal",47.49612045288086,8.267662048339844
581,1704383771-719,FIAT,500 electric 87 kW Icon,118.0,11860.0,2022.0,25490,Automat,0 - 249,0,0,1,"Gehrauerstrasse 1, 8554 Bonau Wigoltingen",47.5825309753418,9.037036895751951
582,1704383774-720,MERCEDES-BENZ,V 300  Exklusive,237.0,33000.0,2021.0,74900,Automat,0 - 249,0,1,0,"Schneckelerstrasse 2, 4414 Füllinsdorf",47.51249694824219,7.721448421478271
584,1704383790-725,MERCEDES-BENZ,GLA 250 AMG Line 4Matic 7G-DCT,211.0,87000.0,2015.0,21500,Automat,0 - 249,1,0,0,"Cho d'Punt Dadour 83, 7503 Samedan",46.53018569946289,9.87387466430664
585,1704383792-726,VW,Golf 1.6 Trendline,102.0,223000.0,2009.0,5900,Manuell,0 - 249,1,0,0,"Lindenstrasse 42, 9443 Widnau",47.40339660644531,9.634766578674316
586,1704383795-727,LAND,Range Rover Sport 4.4 SDV8 HSE Automatic,340.0,145000.0,2015.0,42000,Automat,250 - 599,0,1,0,"Gerbeweg 6, 3270 Aarberg",47.04452896118164,7.27493953704834
587,1704383797-728,VW,Golf 2.0 TSI GTI DSG,211.0,141000.0,2009.0,12500,Automat,0 - 249,1,0,0,"Mülitalstrasse 12, 3185 Schmitten",46.86172103881836,7.257884502410889
589,1704383811-732,OPEL,Adam 1.4 ecoFLEX SLAM,87.0,91550.0,2013.0,6700,Manuell,0 - 249,1,0,0,"Palmenstrasse 1, 9444 Diepoldsau",47.37972640991211,9.653362274169922
590,1704383814-733,FIAT,500X 2.0 MJ Cross 4x4 Automatic,140.0,128570.0,2017.0,11999,Automat,0 - 249,0,1,0,"Gallierstrasse 4, 4313 Möhlin",47.57493209838867,7.837835788726807
594,1704383824-737,CITROEN,C5 Berline 2.0 HDi Exclusive,163.0,110853.0,2014.0,14250,Manuell,0 - 249,0,1,0,"Chemin Champ Derrey 7, 1083 Mézières",46.594757080078125,6.768916606903076
597,1704383839-742,LAND,Range Rover Evoque 2.0 Si4 SE Dynamic AT9,240.0,75000.0,2018.0,32900,Automat,0 - 249,1,0,0,"Zugerstrasse 84, 6314 Unterägeri",47.140113830566406,8.573643684387207
599,1704383845-744,JEEP,Grand Cherokee 3.0 CRD Summit Automatic,250.0,73000.0,2017.0,29900,Automat,0 - 249,0,1,0,"Zürcherstrasse 145, 8952 Schlieren",47.39628982543945,8.467235565185547
601,1704383854-748,CUPRA,Ateca 2.0TSI 4Drive DSG,300.0,13000.0,2022.0,42500,Automat,250 - 599,1,0,0,"Zürcherstrasse 145, 8952 Schlieren",47.39628982543945,8.467235565185547
602,1704383857-749,BMW,M5 xDrive Competition Drivelogic,626.0,61500.0,2019.0,99900,Automat,600 - 1500,1,0,0,"Chemin Delay 23, 1214 Vernier",46.22023391723633,6.075229167938232
603,1704383859-750,SMART,fortwo passion,71.0,25000.0,2019.0,13780,Automat,0 - 249,1,0,0,"Hakabstrasse 5, 8309 Nürensdorf",47.45111846923828,8.652830123901367
604,1704383865-751,TESLA,Model Y Performance,534.0,24500.0,2022.0,50890,Automat,250 - 599,0,0,1,"Gehrauerstrasse 1, 8554 Bonau Wigoltingen",47.5825309753418,9.037036895751951
606,1704383872-754,MERCEDES-BENZ,GLC Coupé 250 d 4Matic 9G-Tronic,204.0,168000.0,2016.0,29980,Automat,0 - 249,0,1,0,"Hakabstrasse 5, 8309 Nürensdorf",47.45111846923828,8.652830123901367
608,1704383880-757,NISSAN,Micra 1.2 tekna,80.0,42850.0,2011.0,8500,Manuell,0 - 249,1,0,0,"Chemin Delay 23, 1214 Vernier",46.22023391723633,6.075229167938232
609,1704383883-758,BMW,M135i xDrive M Sport Pro Steptronic,306.0,24500.0,2023.0,46800,Automat,250 - 599,1,0,0,"Kasernenstrasse 4d, 8184 Bachenbülach",47.50333404541016,8.534972190856934
614,1704383903-765,FIAT,Tipo 1.4TJet Lounge,120.0,84785.0,2018.0,10890,Manuell,0 - 249,1,0,0,"Gehrauerstrasse 1, 8554 Bonau Wigoltingen",47.5825309753418,9.037036895751951
618,1704383912-769,BENTLEY,Continental GT Speed 6.0 W12,635.0,70600.0,2015.0,94900,Automat,600 - 1500,1,0,0,"Obere Schwandenstrasse 2, 8833 Samstagern",47.20139694213867,8.685839653015137
619,1704383915-770,VW,Golf 2.0 TSI GTI,230.0,108300.0,2017.0,18880,Manuell,0 - 249,1,0,0,"Wiesackerstrasse 111, 8105 Regensdorf",47.43950653076172,8.457734107971191
625,1704383933-776,NISSAN,Note 1.2 DIG-S acenta+ CVT,98.0,55100.0,2016.0,10900,Automat,0 - 249,1,0,0,"St. Gallerstrasse 7, 8352 Elsau ZH",47.49910354614258,8.809943199157715
626,1704383936-777,MERCEDES-BENZ,A 250 AMG Line,224.0,66400.0,2018.0,27980,Automat,0 - 249,1,0,0,"Hakabstrasse 5, 8309 Nürensdorf",47.45111846923828,8.652830123901367
627,1704383938-778,MERCEDES-BENZ,A 180 Progressive,136.0,35300.0,2019.0,25550,Automat,0 - 249,1,0,0,"Langwiesenstrasse 7, 8108 Dällikon",47.44594955444336,8.441462516784668
628,1704383941-779,RENAULT,Kadjar 1.3 16V Turbo Black Edition EDC,160.0,15300.0,2021.0,23500,Automat,0 - 249,1,0,0,"Sumpfstrasse 32, 6312 Steinhausen",47.18733596801758,8.486342430114746
629,1704383944-780,CITROEN,Berlingo 1.5 BlueHDi Feel,102.0,162000.0,2018.0,13900,Manuell,0 - 249,0,1,0,"Cilanderstrasse 13, 9100 Herisau",47.387489318847656,9.272183418273926
631,1704383954-783,SUZUKI,Swift 1.2i Compact+ Allgrip 4x4,90.0,92300.0,2019.0,13200,Manuell,0 - 249,1,0,0,"Gotthardstrasse 58, 6460 Altdorf",46.87477493286133,8.649740219116211
632,1704383957-784,PORSCHE,911 GT3 PDK,510.0,2500.0,2021.0,195990,Automat,250 - 599,1,0,0,"Hafenstrasse 50B, 8280 Kreuzlingen",47.64847183227539,9.1818208694458
633,1704383964-787,MERCEDES-BENZ,GLC Coupé 400 d AMG Line 4Matic 9G-Tronic,330.0,35000.0,2019.0,62800,Automat,250 - 599,0,1,0,"Bernstrasse West 60, 5034 Suhr",47.36955261230469,8.078812599182129
634,1704383967-788,ASTON,Vanquish S Volante V12 Touchtronic 3,604.0,200.0,2018.0,665000,Automat,600 - 1500,1,0,0,"Hafenstrasse 50B, 8280 Kreuzlingen",47.64847183227539,9.1818208694458
635,1704383972-790,TOYOTA,Yaris 1.6 GR Sport,261.0,9000.0,2021.0,42500,Manuell,250 - 599,1,0,0,"Bernstrasse West 60, 5034 Suhr",47.36955261230469,8.078812599182129
636,1704383977-791,VW,T6 California 2.0 Bi-TDI Ocean GREY 4Motion DSG,204.0,73900.0,2018.0,66900,Automat,0 - 249,0,1,0,"Kempttalstrasse 16, 8320 Fehraltorf",47.3895149230957,8.747742652893066
637,1704383980-792,CITROEN,C4 1.2 Pure Tech Feel,110.0,16000.0,2016.0,14800,Manuell,0 - 249,1,0,0,"Pfäffikerstrasse 78, 8623 Wetzikon ZH",47.33763122558594,8.811254501342773
638,1704383983-793,FORD,Focus 1.5 TDCi Business,120.0,107000.0,2018.0,9000,Manuell,0 - 249,0,1,0,"Pfäffikerstrasse 78, 8623 Wetzikon ZH",47.33763122558594,8.811254501342773
641,1704383991-796,CUPRA,Formentor 2.0TSI VZ  DSG,245.0,10000.0,2023.0,40990,Automat,0 - 249,1,0,0,"Muttenzerstrasse 143, 4133 Pratteln BL",47.52081298828125,7.674278736114502
643,1704383996-798,RENAULT,Mégane 1.6 16V Turbo GT EDC,205.0,57000.0,2018.0,19900,Automat,0 - 249,1,0,0,"Thurgauerstrasse 103, 8152 Opfikon",47.42139434814453,8.556894302368164
644,1704383999-799,BMW,X3 xDrive 30d xLine Steptronic,265.0,74400.0,2018.0,43500,Automat,250 - 599,0,1,0,"Rohrerstrasse 30, 5000 Aarau",47.39478302001953,8.05840015411377
645,1704384002-800,VW,Golf Variant 2.0 TSI R 4 Motion DSG,300.0,80500.0,2016.0,29800,Automat,250 - 599,1,0,0,"Hauptstrasse 276, 3852 Ringgenberg",46.70596694946289,7.903702735900879
646,1704384007-801,SKODA,Enyaq 80x RS iV,299.0,3000.0,2023.0,69990,Automat,250 - 599,0,0,1,"Bernstrasse 11, 3280 Murten",46.93014526367188,7.121633052825928
647,1704384010-802,RENAULT,Mégane Berline 1.3 16V Intens EDC,160.0,33000.0,2021.0,19990,Automat,0 - 249,1,0,0,"Thurgauerstrasse 103, 8152 Opfikon",47.42139434814453,8.556894302368164
648,1704384012-803,PORSCHE,911 GT3 Touring PDK,510.0,2390.0,2022.0,218500,Automat,250 - 599,1,0,0,"Bernstrasse West 60, 5034 Suhr",47.36955261230469,8.078812599182129
650,1704384017-805,MERCEDES-BENZ,GLC 63 AMG 4Matic 9G-Tronic,476.0,69500.0,2019.0,66700,Automat,250 - 599,1,0,0,"Bernstrasse West 60, 5034 Suhr",47.36955261230469,8.078812599182129
651,1704384020-806,MERCEDES-BENZ,E 63 AMG 4Matic Speedshift,557.0,138000.0,2014.0,38500,Automat,250 - 599,1,0,0,"Bernstrasse West 60, 5034 Suhr",47.36955261230469,8.078812599182129
652,1704384022-807,MITSUBISHI,Colt 1.3 16V Sport motion,95.0,170000.0,2008.0,3950,Manuell,0 - 249,1,0,0,"Bernstrasse 50, 3053 Münchenbuchsee",47.0159912109375,7.455813407897949
655,1704384030-810,FORD,EcoSport 1.0 SCTi Titanium,125.0,68700.0,2017.0,12790,Manuell,0 - 249,1,0,0,"St. Gallerstrasse 1, 8589 Sitterdorf",47.50647735595703,9.25190544128418
657,1704384040-813,NISSAN,Pathfinder 2.5 dCi SE,190.0,106000.0,2012.0,24800,Manuell,0 - 249,0,1,0,"Pfäffikerstrasse 78, 8623 Wetzikon ZH",47.33763122558594,8.811254501342773
658,1704384043-814,MERCEDES-BENZ,E 220 d AMG Line 9G-Tronic,194.0,39000.0,2021.0,47800,Automat,0 - 249,0,1,0,"Pfäffikerstrasse 78, 8623 Wetzikon ZH",47.33763122558594,8.811254501342773
660,1704384048-816,PORSCHE,Cayenne S,420.0,204000.0,2011.0,21500,Automat,250 - 599,1,0,0,"Schwadernaustrasse 65, 2558 Aegerten",47.124847412109375,7.296989917755127
662,1704384053-818,OPEL,Zafira 2.0 CDTi Excellence,170.0,107000.0,2018.0,18900,Manuell,0 - 249,0,1,0,"Wilerstrasse 207, 9500 Kirchberg, 9500 Wil SG",47.43903350830078,9.055670738220217
663,1704384056-819,AUDI,S3 Sportback 2.0 TFSI quattro S-tronic,301.0,68800.0,2019.0,36800,Automat,250 - 599,1,0,0,"Aarauerstrasse 35, 5600 Lenzburg",47.387020111083984,8.166926383972168
664,1704384058-820,PEUGEOT,2008 1.2 PureTech Allure EAT6,110.0,76800.0,2017.0,12990,Automat,0 - 249,1,0,0,"Hauptstrasse 1, 5032 Aarau Rohr",47.39947128295898,8.072551727294922
665,1704384070-823,PORSCHE,Cayenne GTS,440.0,97000.0,2017.0,56988,Automat,250 - 599,1,0,0,"Erlenstrasse 2, 6343 Rotkreuz",47.14907455444336,8.43075180053711
667,1704384077-826,CITROEN,Grand C4 Picasso 1.6i 16V e-THP Intensive,165.0,157000.0,2015.0,9200,Automat,0 - 249,1,0,0,"Bahnhofstrasse, 19c, 3270 Aarberg",47.041500091552734,7.273868560791016
668,1704384080-827,BMW,420d Gran Coupé xDrive Luxury Line Steptronic,190.0,193700.0,2015.0,15800,Automat,0 - 249,0,1,0,"131 rte de Peney, 1214 Vernier",46.20841217041016,6.070792675018311
669,1704384082-828,BMW,120d xDrive Steptronic Pure M Sport,190.0,27500.0,2022.0,37900,Automat,0 - 249,0,1,0,"Rohrerstrasse 30, 5000 Aarau",47.39478302001953,8.05840015411377
670,1704384087-830,VOLVO,V40 Cross Country D3 Kinetic Geartronic,150.0,111000.0,2014.0,12900,Automat,0 - 249,0,1,0,"Rue centrale 2, 1845 Noville",46.38693618774414,6.921760082244873
671,1704384096-832,SMART,fortwo prime,90.0,56500.0,2015.0,9799,Manuell,0 - 249,1,0,0,"Ueberlandstrasse 210, 8051 Zürich",47.41016006469727,8.573046684265137
672,1704384098-833,BMW,X1 xDrive 20d xLine Steptronic,190.0,78500.0,2017.0,25800,Automat,0 - 249,0,1,0,"Rohrerstrasse 30, 5000 Aarau",47.39478302001953,8.05840015411377
678,1704384116-840,FIAT,595 1.4 16V Turbo Abarth,145.0,37000.0,2021.0,17300,Manuell,0 - 249,1,0,0,"Chilegass 5, 8197 Rafz",47.6140022277832,8.534664154052734
679,1704384121-841,VW,Polo 1.0 TSI BMT Lounge DSG,110.0,85000.0,2016.0,13900,Automat,0 - 249,1,0,0,"El Stradon 47a, 6523 Preonzo",46.26348876953125,9.000862121582031
680,1704384124-842,MAZDA,2,102.0,108000.0,2013.0,5500,Manuell,0 - 249,1,0,0,"112 route du Grand-Lancy, 1212 Grand-Lancy",46.181434631347656,6.11400842666626
681,1704384126-843,SEAT,Ibiza SC 1.4 TSI FR DSG,150.0,180000.0,2011.0,7000,Automat,0 - 249,1,0,0,"Schäracherweg 2, 8165 Oberweningen",47.503055572509766,8.407184600830078
684,1704384134-846,BMW,325iX,170.0,57000.0,1987.0,29000,Manuell,0 - 249,1,0,0,"Konradstrasse, 8005 Zürich",47.37983703613281,8.537201881408691
685,1704384136-847,MITSUBISHI,i MiEV,67.0,88000.0,2011.0,3900,Automat,0 - 249,0,0,1,"Zielackerstrasse 21, 4934 Madiswil",47.1727180480957,7.80346155166626
686,1704384139-848,JEEP,Compass 1.4 Turbo Limited AWD 9ATX,170.0,70000.0,2018.0,23000,Automat,0 - 249,1,0,0,"Hauptstrasse 59, 9424 Rheineck",47.46446228027344,9.592474937438965
688,1704384152-852,SKODA,Karoq 2.0 TDI CR Style 4x4 DSG,150.0,58000.0,2019.0,27100,Automat,0 - 249,0,1,0,"A Scerése 6, 6702 Claro",46.25399398803711,9.017836570739746
689,1704384155-853,CITROEN,C3 1.2i PureTech Shine,82.0,53800.0,2019.0,9999,Manuell,0 - 249,1,0,0,"Holzmattweg 9, 3122 Kehrsatz",46.9070930480957,7.462739944458008
691,1704384160-855,VW,Passat Variant 2.0 TDI Comfortline,140.0,176600.0,2006.0,4900,Manuell,0 - 249,0,1,0,"Austrasse 1, 8212 Neuhausen",47.6831169128418,8.622708320617676
